﻿<?xml version="1.0" encoding="utf-8"?>
<publishData>
  <publishProfile publishUrl="\\delling\websites\sandbox\" deleteExistingFiles="False" ftpAnonymousLogin="False" ftpPassiveMode="True" msdeploySite="" msdeploySiteID="" msdeployRemoteSitePhysicalPath="" msdeployAllowUntrustedCertificate="False" msdeploySkipExtraFilesOnServer="True" msdeployMarkAsApp="False" profileName="Profile1" publishMethod="FileSystem" replaceMatchingFiles="True" userName="" savePWD="False" userPWD="" SelectedForPublish="True">
    <file relUrl="Web.config" publishTime="02/28/2012 23:48:33" />
    <file relUrl="Images/background.png" publishTime="02/27/2012 10:38:52" />
    <file relUrl="Audio/SatchCover.mp3" publishTime="02/27/2012 10:38:52" />
    <file relUrl="Canvas/GreyScale.html" publishTime="02/28/2012 23:48:31" />
    <file relUrl="DeviceInfo.html" publishTime="02/27/2012 11:15:18" />
    <file relUrl="Service.svc" publishTime="02/27/2012 11:19:01" />
    <file relUrl="bin/MobileWebApp.pdb" publishTime="02/28/2012 23:48:33" />
    <file relUrl="Styles.css" publishTime="02/28/2012 23:36:08" />
    <file relUrl="Canvas/AlphaBlend.html" publishTime="02/28/2012 23:48:22" />
    <file relUrl="Scripts/game.js" publishTime="02/27/2012 10:38:52" />
    <file relUrl="Audio.html" publishTime="02/27/2012 13:22:42" />
    <file relUrl="Video/movie.mp4" publishTime="02/27/2012 10:38:52" />
    <file relUrl="Images/david.jpg" publishTime="02/27/2012 10:38:52" />
    <file relUrl="Audio/BluesJam.mp3" publishTime="02/27/2012 10:38:52" />
    <file relUrl="WebStorage.html" publishTime="02/27/2012 10:38:52" />
    <file relUrl="Video.html" publishTime="02/27/2012 10:38:52" />
    <file relUrl="Images/bing.jpg" publishTime="02/27/2012 10:38:52" />
    <file relUrl="Default.html" publishTime="02/28/2012 23:37:01" />
    <file relUrl="GoogleMap.html" publishTime="02/27/2012 10:38:52" />
    <file relUrl="Scripts/jquery-1.7.1.min.js" publishTime="02/27/2012 10:38:52" />
    <file relUrl="Canvas/Puzzle.html" publishTime="02/28/2012 23:48:06" />
    <file relUrl="Images/bing2.jpg" publishTime="02/27/2012 10:38:52" />
    <file relUrl="bin/MobileWebApp.dll" publishTime="02/28/2012 23:48:33" />
    <file relUrl="Location.html" publishTime="02/27/2012 10:38:52" />
    <file relUrl="About.html" publishTime="02/27/2012 10:38:52" />
  </publishProfile>
</publishData>